{"Time": 0.0, "Altitude": 5}
{"Time": 5.2656941413879395, "Altitude": 10}
{"Time": 10.284945964813232, "Altitude": 17}
{"Time": 15.30201506614685, "Altitude": 25}
{"Time": 20.31734538078308, "Altitude": 31}
{"Time": 25.332133769989014, "Altitude": 39}
{"Time": 30.34656810760498, "Altitude": 45}
{"Time": 35.360151052474976, "Altitude": 52}
{"Time": 40.3748254776001, "Altitude": 57}
{"Time": 45.390631675720215, "Altitude": 65}
{"Time": 50.404951333999634, "Altitude": 71}
{"Time": 55.41894769668579, "Altitude": 80}
{"Time": 60.434187173843384, "Altitude": 85}
