{"Time": 0.0, "Altitude": 5}
{"Time": 5.2656941413879395, "Altitude": 10}
{"Time": 10.284945964813232, "Altitude": 17}
{"Time": 15.30201506614685, "Altitude": 25}
{"Time": 20.31734538078308, "Altitude": 31}
{"Time": 25.332133769989014, "Altitude": 39}
{"Time": 30.34656810760498, "Altitude": 45}
{"Time": 35.360151052474976, "Altitude": 52}
{"Time": 40.3748254776001, "Altitude": 57}
{"Time": 45.390631675720215, "Altitude": 65}
{"Time": 50.404951333999634, "Altitude": 71}
{"Time": 55.41894769668579, "Altitude": 80}
{"Time": 60.434187173843384, "Altitude": 85}
{"Time": 0.0, "Altitude": 9}
{"Time": 5.017603874206543, "Altitude": 18}
{"Time": 10.03206467628479, "Altitude": 27}
{"Time": 15.046648502349854, "Altitude": 34}
{"Time": 20.063025951385498, "Altitude": 41}
{"Time": 25.07751774787903, "Altitude": 49}
{"Time": 30.09072470664978, "Altitude": 54}
{"Time": 35.103607416152954, "Altitude": 62}
{"Time": 40.11623811721802, "Altitude": 71}
{"Time": 45.128998041152954, "Altitude": 78}
{"Time": 50.14368939399719, "Altitude": 87}
{"Time": 55.157952308654785, "Altitude": 93}
{"Time": 60.170573472976685, "Altitude": 100}
{"Time": 65.18281245231628, "Altitude": 106}
{"Time": 70.1950352191925, "Altitude": 111}
{"Time": 75.21005439758301, "Altitude": 119}
{"Time": 80.22180795669556, "Altitude": 126}
{"Time": 85.23546981811523, "Altitude": 135}
{"Time": 90.24796772003174, "Altitude": 143}
{"Time": 0.0, "Altitude": 5}
{"Time": 5.236371994018555, "Altitude": 13}
{"Time": 10.25164794921875, "Altitude": 19}
{"Time": 15.26894736289978, "Altitude": 26}
{"Time": 20.2884418964386, "Altitude": 33}
{"Time": 25.303073406219482, "Altitude": 38}
{"Time": 30.317826509475708, "Altitude": 45}
{"Time": 35.330942153930664, "Altitude": 54}
{"Time": 40.345131158828735, "Altitude": 59}
{"Time": 45.361111879348755, "Altitude": 64}
{"Time": 50.37335729598999, "Altitude": 71}
{"Time": 55.38622069358826, "Altitude": 80}
{"Time": 60.40194916725159, "Altitude": 85}
{"Time": 0.0, "Altitude": 6}
{"Time": 5.015731334686279, "Altitude": 11}
{"Time": 10.028196334838867, "Altitude": 19}
{"Time": 0.0, "Altitude": 6}
{"Time": 5.013247966766357, "Altitude": 12}
{"Time": 10.027257919311523, "Altitude": 20}
{"Time": 15.039499521255493, "Altitude": 27}
{"Time": 0.0, "Altitude": 7}
{"Time": 5.013230323791504, "Altitude": 14}
{"Time": 10.024935960769653, "Altitude": 23}
{"Time": 15.037470817565918, "Altitude": 30}
{"Time": 0.0, "Altitude": 6}
{"Time": 5.247718334197998, "Altitude": 11}
{"Time": 10.26426386833191, "Altitude": 18}
{"Time": 15.280207872390747, "Altitude": 27}
{"Time": 20.29724621772766, "Altitude": 34}
{"Time": 0.0, "Altitude": 7}
{"Time": 5.224063158035278, "Altitude": 13}
{"Time": 0.0, "Altitude": 8}
{"Time": 5.357593059539795, "Altitude": 15}
{"Time": 10.394905090332031, "Altitude": 21}
{"Time": 15.419644117355347, "Altitude": 29}
{"Time": 20.44502568244934, "Altitude": 38}
{"Time": 0.0, "Altitude": 6}
{"Time": 5.230806827545166, "Altitude": 13}
{"Time": 10.246249914169312, "Altitude": 22}
{"Time": 0.0, "Altitude": 5}
{"Time": 5.248459339141846, "Altitude": 13}
{"Time": 10.28350305557251, "Altitude": 22}
{"Time": 15.308240175247192, "Altitude": 29}
{"Time": 0.0, "Altitude": 8}
{"Time": 20.329806566238403, "Altitude": 38}
{"Time": 5.023938417434692, "Altitude": 14}
{"Time": 25.352823495864868, "Altitude": 43}
{"Time": 10.046127080917358, "Altitude": 23}
{"Time": 0.0, "Altitude": 8}
{"Time": 30.373881578445435, "Altitude": 51}
{"Time": 15.066835403442383, "Altitude": 29}
{"Time": 5.02558708190918, "Altitude": 14}
{"Time": 35.3950400352478, "Altitude": 57}
{"Time": 20.08847188949585, "Altitude": 35}
{"Time": 10.045902013778687, "Altitude": 19}
{"Time": 40.415735721588135, "Altitude": 66}
{"Time": 25.10826301574707, "Altitude": 44}
{"Time": 15.068168640136719, "Altitude": 26}
{"Time": 45.4368896484375, "Altitude": 73}
{"Time": 0.0, "Altitude": 7}
{"Time": 5.230181455612183, "Altitude": 15}
{"Time": 10.267224788665771, "Altitude": 24}
{"Time": 15.290568590164185, "Altitude": 31}
{"Time": 20.31303858757019, "Altitude": 36}
{"Time": 25.336390733718872, "Altitude": 43}
{"Time": 30.35965061187744, "Altitude": 52}
{"Time": 35.38313412666321, "Altitude": 59}
{"Time": 40.406792640686035, "Altitude": 66}
{"Time": 45.42964029312134, "Altitude": 72}
{"Time": 50.450196266174316, "Altitude": 78}
{"Time": 55.46965146064758, "Altitude": 86}
{"Time": 60.49160647392273, "Altitude": 93}
{"Time": 65.51133894920349, "Altitude": 102}
{"Time": 70.533118724823, "Altitude": 111}
{"Time": 75.55448722839355, "Altitude": 116}
{"Time": 80.57751226425171, "Altitude": 125}
{"Time": 85.59911727905273, "Altitude": 131}
{"Time": 90.62018203735352, "Altitude": 138}
{"Time": 95.63959741592407, "Altitude": 143}
{"Time": 100.65880131721497, "Altitude": 150}
{"Time": 105.67813229560852, "Altitude": 159}
{"Time": 110.6988205909729, "Altitude": 166}
{"Time": 115.72137117385864, "Altitude": 171}
{"Time": 0.0, "Altitude": 7}
{"Time": 5.441920518875122, "Altitude": 16}
{"Time": 10.462079048156738, "Altitude": 24}
{"Time": 15.483728885650635, "Altitude": 31}
{"Time": 20.50592851638794, "Altitude": 36}
{"Time": 25.528644323349, "Altitude": 44}
{"Time": 30.551865577697754, "Altitude": 50}
{"Time": 0.0, "Altitude": 6}
{"Time": 5.113068342208862, "Altitude": 15}
{"Time": 10.145310401916504, "Altitude": 22}
{"Time": 15.169427156448364, "Altitude": 28}
{"Time": 20.19368886947632, "Altitude": 33}
